"year","country","religion","share_pop_per_country"
2020,Afghanistan,Christianity,0.1
2020,Afghanistan,Islam,99.8
2020,Afghanistan,Unaffiliated Religions,0.0
2020,Afghanistan,Hinduism,0.02
2020,Afghanistan,Buddhism,0.0
2020,Afghanistan,Folk Religions,0.0
2020,Afghanistan,Other Religions,0.07
2020,Afghanistan,Judaism,0.0
2020,Albania,Christianity,16.82
2020,Albania,Islam,82.24
2020,Albania,Unaffiliated Religions,0.93
2020,Albania,Hinduism,0.0
2020,Albania,Buddhism,0.0
2020,Albania,Folk Religions,0.0
2020,Albania,Other Religions,0.0
2020,Albania,Judaism,0.0
2020,Algeria,Christianity,0.17
2020,Algeria,Islam,97.96
2020,Algeria,Unaffiliated Religions,1.84
2020,Algeria,Hinduism,0.0
2020,Algeria,Buddhism,0.0
2020,Algeria,Folk Religions,0.02
2020,Algeria,Other Religions,0.0
2020,Algeria,Judaism,0.0
2020,All Countries,Christianity,15.56
2020,All Countries,Islam,12.45
2020,All Countries,Unaffiliated Religions,7.79
2020,All Countries,Hinduism,7.58
2020,All Countries,Buddhism,3.31
2020,All Countries,Folk Religions,2.81
2020,All Countries,Other Religions,0.4
2020,All Countries,Judaism,0.1
2020,All Countries,Christianity,1.81
2020,All Countries,Islam,0.03
2020,All Countries,Unaffiliated Religions,0.47
2020,All Countries,Hinduism,0.02
2020,All Countries,Buddhism,0.03
2020,All Countries,Folk Religions,0.01
2020,All Countries,Other Religions,0.02
2020,All Countries,Judaism,0.04
2020,All Countries,Christianity,3.83
2020,All Countries,Islam,0.01
2020,All Countries,Unaffiliated Religions,0.34
2020,All Countries,Hinduism,0.0
2020,All Countries,Buddhism,0.0
2020,All Countries,Folk Religions,0.08
2020,All Countries,Other Religions,0.01
2020,All Countries,Judaism,0.0
2020,All Countries,Christianity,3.49
2020,All Countries,Islam,0.33
2020,All Countries,Unaffiliated Religions,0.97
2020,All Countries,Hinduism,0.01
2020,All Countries,Buddhism,0.01
2020,All Countries,Folk Religions,0.01
2020,All Countries,Other Religions,0.01
2020,All Countries,Judaism,0.01
2020,All Countries,Christianity,0.1
2020,All Countries,Islam,2.49
2020,All Countries,Unaffiliated Religions,0.02
2020,All Countries,Hinduism,0.02
2020,All Countries,Buddhism,0.0
2020,All Countries,Folk Religions,0.01
2020,All Countries,Other Religions,0.0
2020,All Countries,Judaism,0.04
2020,All Countries,Christianity,4.25
2020,All Countries,Islam,2.15
2020,All Countries,Unaffiliated Religions,0.2
2020,All Countries,Hinduism,0.01
2020,All Countries,Buddhism,0.0
2020,All Countries,Folk Religions,0.22
2020,All Countries,Other Religions,0.01
2020,All Countries,Judaism,0.0
2020,All Countries,Christianity,2.09
2020,All Countries,Islam,7.44
2020,All Countries,Unaffiliated Religions,5.8
2020,All Countries,Hinduism,7.52
2020,All Countries,Buddhism,3.26
2020,All Countries,Folk Religions,2.49
2020,All Countries,Other Religions,0.35
2020,All Countries,Judaism,0.0
2020,American Samoa,Christianity,100.0
2020,American Samoa,Islam,0.0
2020,American Samoa,Unaffiliated Religions,0.0
2020,American Samoa,Hinduism,0.0
2020,American Samoa,Buddhism,0.0
2020,American Samoa,Folk Religions,0.0
2020,American Samoa,Other Religions,0.0
2020,American Samoa,Judaism,0.0
2020,Andorra,Christianity,100.0
2020,Andorra,Islam,0.0
2020,Andorra,Unaffiliated Religions,0.0
2020,Andorra,Hinduism,0.0
2020,Andorra,Buddhism,0.0
2020,Andorra,Folk Religions,0.0
2020,Andorra,Other Religions,0.0
2020,Andorra,Judaism,0.0
2020,Angola,Christianity,90.46
2020,Angola,Islam,0.2
2020,Angola,Unaffiliated Religions,5.18
2020,Angola,Hinduism,0.0
2020,Angola,Buddhism,0.0
2020,Angola,Folk Religions,4.16
2020,Angola,Other Religions,0.0
2020,Angola,Judaism,0.0
2020,Anguilla,Christianity,100.0
2020,Anguilla,Islam,0.0
2020,Anguilla,Unaffiliated Religions,0.0
2020,Anguilla,Hinduism,0.0
2020,Anguilla,Buddhism,0.0
2020,Anguilla,Folk Religions,0.0
2020,Anguilla,Other Religions,0.0
2020,Anguilla,Judaism,0.0
2020,Antigua and Barbuda,Christianity,100.0
2020,Antigua and Barbuda,Islam,0.0
2020,Antigua and Barbuda,Unaffiliated Religions,0.0
2020,Antigua and Barbuda,Hinduism,0.0
2020,Antigua and Barbuda,Buddhism,0.0
2020,Antigua and Barbuda,Folk Religions,0.0
2020,Antigua and Barbuda,Other Religions,0.0
2020,Antigua and Barbuda,Judaism,0.0
2020,Argentina,Christianity,85.39
2020,Argentina,Islam,0.94
2020,Argentina,Unaffiliated Religions,12.14
2020,Argentina,Hinduism,0.0
2020,Argentina,Buddhism,0.05
2020,Argentina,Folk Religions,0.75
2020,Argentina,Other Religions,0.27
2020,Argentina,Judaism,0.46
2020,Armenia,Christianity,98.76
2020,Armenia,Islam,0.0
2020,Armenia,Unaffiliated Religions,1.24
2020,Armenia,Hinduism,0.0
2020,Armenia,Buddhism,0.0
2020,Armenia,Folk Religions,0.0
2020,Armenia,Other Religions,0.0
2020,Armenia,Judaism,0.0
2020,Aruba,Christianity,100.0
2020,Aruba,Islam,0.0
2020,Aruba,Unaffiliated Religions,0.0
2020,Aruba,Hinduism,0.0
2020,Aruba,Buddhism,0.0
2020,Aruba,Folk Religions,0.0
2020,Aruba,Other Religions,0.0
2020,Aruba,Judaism,0.0
2020,Australia,Christianity,61.69
2020,Australia,Islam,3.03
2020,Australia,Unaffiliated Religions,28.58
2020,Australia,Hinduism,1.68
2020,Australia,Buddhism,2.94
2020,Australia,Folk Religions,0.74
2020,Australia,Other Religions,0.86
2020,Australia,Judaism,0.49
2020,Austria,Christianity,78.6
2020,Austria,Islam,6.2
2020,Austria,Unaffiliated Religions,14.62
2020,Austria,Hinduism,0.0
2020,Austria,Buddhism,0.23
2020,Austria,Folk Religions,0.0
2020,Austria,Other Religions,0.12
2020,Austria,Judaism,0.23
2020,Azerbaijan,Christianity,2.57
2020,Azerbaijan,Islam,97.43
2020,Azerbaijan,Unaffiliated Religions,0.0
2020,Azerbaijan,Hinduism,0.0
2020,Azerbaijan,Buddhism,0.0
2020,Azerbaijan,Folk Religions,0.0
2020,Azerbaijan,Other Religions,0.0
2020,Azerbaijan,Judaism,0.0
2020,Bahamas,Christianity,97.3
2020,Bahamas,Islam,0.0
2020,Bahamas,Unaffiliated Religions,2.7
2020,Bahamas,Hinduism,0.0
2020,Bahamas,Buddhism,0.0
2020,Bahamas,Folk Religions,0.0
2020,Bahamas,Other Religions,0.0
2020,Bahamas,Judaism,0.0
2020,Bahrain,Christianity,14.38
2020,Bahrain,Islam,69.86
2020,Bahrain,Unaffiliated Religions,2.05
2020,Bahrain,Hinduism,10.27
2020,Bahrain,Buddhism,3.42
2020,Bahrain,Folk Religions,0.0
2020,Bahrain,Other Religions,0.0
2020,Bahrain,Judaism,0.0
2020,Bangladesh,Christianity,0.31
2020,Bangladesh,Islam,90.75
2020,Bangladesh,Unaffiliated Religions,0.0
2020,Bangladesh,Hinduism,8.18
2020,Bangladesh,Buddhism,0.62
2020,Bangladesh,Folk Religions,0.07
2020,Bangladesh,Other Religions,0.07
2020,Bangladesh,Judaism,0.0
2020,Barbados,Christianity,100.0
2020,Barbados,Islam,0.0
2020,Barbados,Unaffiliated Religions,0.0
2020,Barbados,Hinduism,0.0
2020,Barbados,Buddhism,0.0
2020,Barbados,Folk Religions,0.0
2020,Barbados,Other Religions,0.0
2020,Barbados,Judaism,0.0
2020,Belarus,Christianity,70.82
2020,Belarus,Islam,0.53
2020,Belarus,Unaffiliated Religions,28.65
2020,Belarus,Hinduism,0.0
2020,Belarus,Buddhism,0.0
2020,Belarus,Folk Religions,0.0
2020,Belarus,Other Religions,0.0
2020,Belarus,Judaism,0.0
2020,Belgium,Christianity,60.51
2020,Belgium,Islam,7.44
2020,Belgium,Unaffiliated Religions,30.95
2020,Belgium,Hinduism,0.09
2020,Belgium,Buddhism,0.37
2020,Belgium,Folk Religions,0.28
2020,Belgium,Other Religions,0.09
2020,Belgium,Judaism,0.28
2020,Belize,Christianity,91.67
2020,Belize,Islam,0.0
2020,Belize,Unaffiliated Religions,8.33
2020,Belize,Hinduism,0.0
2020,Belize,Buddhism,0.0
2020,Belize,Folk Religions,0.0
2020,Belize,Other Religions,0.0
2020,Belize,Judaism,0.0
2020,Benin,Christianity,52.31
2020,Benin,Islam,24.63
2020,Benin,Unaffiliated Religions,5.22
2020,Benin,Hinduism,0.0
2020,Benin,Buddhism,0.0
2020,Benin,Folk Religions,17.84
2020,Benin,Other Religions,0.0
2020,Benin,Judaism,0.0
2020,Bermuda,Christianity,83.33
2020,Bermuda,Islam,0.0
2020,Bermuda,Unaffiliated Religions,16.67
2020,Bermuda,Hinduism,0.0
2020,Bermuda,Buddhism,0.0
2020,Bermuda,Folk Religions,0.0
2020,Bermuda,Other Religions,0.0
2020,Bermuda,Judaism,0.0
2020,Bhutan,Christianity,0.0
2020,Bhutan,Islam,0.0
2020,Bhutan,Unaffiliated Religions,0.0
2020,Bhutan,Hinduism,22.89
2020,Bhutan,Buddhism,74.7
2020,Bhutan,Folk Religions,2.41
2020,Bhutan,Other Religions,0.0
2020,Bhutan,Judaism,0.0
2020,Bolivia,Christianity,94.16
2020,Bolivia,Islam,0.0
2020,Bolivia,Unaffiliated Religions,4.06
2020,Bolivia,Hinduism,0.0
2020,Bolivia,Buddhism,0.0
2020,Bolivia,Folk Religions,0.85
2020,Bolivia,Other Religions,0.93
2020,Bolivia,Judaism,0.0
2020,Bosnia and Herzegovina,Christianity,51.13
2020,Bosnia and Herzegovina,Islam,46.61
2020,Bosnia and Herzegovina,Unaffiliated Religions,2.26
2020,Bosnia and Herzegovina,Hinduism,0.0
2020,Bosnia and Herzegovina,Buddhism,0.0
2020,Bosnia and Herzegovina,Folk Religions,0.0
2020,Bosnia and Herzegovina,Other Religions,0.0
2020,Bosnia and Herzegovina,Judaism,0.0
2020,Botswana,Christianity,76.58
2020,Botswana,Islam,0.9
2020,Botswana,Unaffiliated Religions,17.57
2020,Botswana,Hinduism,0.0
2020,Botswana,Buddhism,0.0
2020,Botswana,Folk Religions,4.5
2020,Botswana,Other Religions,0.45
2020,Botswana,Judaism,0.0
2020,Brazil,Christianity,88.12
2020,Brazil,Islam,0.02
2020,Brazil,Unaffiliated Religions,8.37
2020,Brazil,Hinduism,0.0
2020,Brazil,Buddhism,0.12
2020,Brazil,Folk Religions,3.17
2020,Brazil,Other Religions,0.14
2020,Brazil,Judaism,0.05
2020,British Virgin Islands,Christianity,100.0
2020,British Virgin Islands,Islam,0.0
2020,British Virgin Islands,Unaffiliated Religions,0.0
2020,British Virgin Islands,Hinduism,0.0
2020,British Virgin Islands,Buddhism,0.0
2020,British Virgin Islands,Folk Religions,0.0
2020,British Virgin Islands,Other Religions,0.0
2020,British Virgin Islands,Judaism,0.0
2020,Brunei,Christianity,8.89
2020,Brunei,Islam,75.56
2020,Brunei,Unaffiliated Religions,0.0
2020,Brunei,Hinduism,0.0
2020,Brunei,Buddhism,8.89
2020,Brunei,Folk Religions,6.67
2020,Brunei,Other Religions,0.0
2020,Brunei,Judaism,0.0
2020,Bulgaria,Christianity,81.1
2020,Bulgaria,Islam,14.24
2020,Bulgaria,Unaffiliated Religions,4.65
2020,Bulgaria,Hinduism,0.0
2020,Bulgaria,Buddhism,0.0
2020,Bulgaria,Folk Religions,0.0
2020,Bulgaria,Other Religions,0.0
2020,Bulgaria,Judaism,0.0
2020,Burkina Faso,Christianity,21.71
2020,Burkina Faso,Islam,62.7
2020,Burkina Faso,Unaffiliated Religions,0.48
2020,Burkina Faso,Hinduism,0.0
2020,Burkina Faso,Buddhism,0.0
2020,Burkina Faso,Folk Religions,15.1
2020,Burkina Faso,Other Religions,0.0
2020,Burkina Faso,Judaism,0.0
2020,Burundi,Christianity,91.07
2020,Burundi,Islam,2.88
2020,Burundi,Unaffiliated Religions,0.0
2020,Burundi,Hinduism,0.0
2020,Burundi,Buddhism,0.0
2020,Burundi,Folk Religions,6.05
2020,Burundi,Other Religions,0.0
2020,Burundi,Judaism,0.0
2020,Cambodia,Christianity,0.37
2020,Cambodia,Islam,1.98
2020,Cambodia,Unaffiliated Religions,0.19
2020,Cambodia,Hinduism,0.0
2020,Cambodia,Buddhism,96.91
2020,Cambodia,Folk Religions,0.56
2020,Cambodia,Other Religions,0.0
2020,Cambodia,Judaism,0.0
2020,Cameroon,Christianity,69.62
2020,Cameroon,Islam,19.29
2020,Cameroon,Unaffiliated Religions,5.24
2020,Cameroon,Hinduism,0.0
2020,Cameroon,Buddhism,0.0
2020,Cameroon,Folk Religions,3.16
2020,Cameroon,Other Religions,2.7
2020,Cameroon,Judaism,0.0
2020,Canada,Christianity,66.45
2020,Canada,Islam,2.82
2020,Canada,Unaffiliated Religions,24.49
2020,Canada,Hinduism,1.67
2020,Canada,Buddhism,1.01
2020,Canada,Folk Religions,1.23
2020,Canada,Other Religions,1.18
2020,Canada,Judaism,1.15
2020,Cape Verde,Christianity,91.07
2020,Cape Verde,Islam,0.0
2020,Cape Verde,Unaffiliated Religions,8.93
2020,Cape Verde,Hinduism,0.0
2020,Cape Verde,Buddhism,0.0
2020,Cape Verde,Folk Religions,0.0
2020,Cape Verde,Other Religions,0.0
2020,Cape Verde,Judaism,0.0
2020,Caribbean Netherlands,Christianity,100.0
2020,Caribbean Netherlands,Islam,0.0
2020,Caribbean Netherlands,Unaffiliated Religions,0.0
2020,Caribbean Netherlands,Hinduism,0.0
2020,Caribbean Netherlands,Buddhism,0.0
2020,Caribbean Netherlands,Folk Religions,0.0
2020,Caribbean Netherlands,Other Religions,0.0
2020,Caribbean Netherlands,Judaism,0.0
2020,Cayman Islands,Christianity,100.0
2020,Cayman Islands,Islam,0.0
2020,Cayman Islands,Unaffiliated Religions,0.0
2020,Cayman Islands,Hinduism,0.0
2020,Cayman Islands,Buddhism,0.0
2020,Cayman Islands,Folk Religions,0.0
2020,Cayman Islands,Other Religions,0.0
2020,Cayman Islands,Judaism,0.0
2020,Central African Republic,Christianity,89.16
2020,Central African Republic,Islam,8.97
2020,Central African Republic,Unaffiliated Religions,0.93
2020,Central African Republic,Hinduism,0.0
2020,Central African Republic,Buddhism,0.0
2020,Central African Republic,Folk Religions,0.93
2020,Central African Republic,Other Religions,0.0
2020,Central African Republic,Judaism,0.0
2020,Chad,Christianity,41.12
2020,Chad,Islam,55.07
2020,Chad,Unaffiliated Religions,2.38
2020,Chad,Hinduism,0.0
2020,Chad,Buddhism,0.0
2020,Chad,Folk Religions,1.29
2020,Chad,Other Religions,0.14
2020,Chad,Judaism,0.0
2020,Channel Islands,Christianity,86.67
2020,Channel Islands,Islam,0.0
2020,Channel Islands,Unaffiliated Religions,13.33
2020,Channel Islands,Hinduism,0.0
2020,Channel Islands,Buddhism,0.0
2020,Channel Islands,Folk Religions,0.0
2020,Channel Islands,Other Religions,0.0
2020,Channel Islands,Judaism,0.0
2020,Chile,Christianity,88.4
2020,Chile,Islam,0.05
2020,Chile,Unaffiliated Religions,9.71
2020,Chile,Hinduism,0.0
2020,Chile,Buddhism,0.05
2020,Chile,Folk Religions,1.46
2020,Chile,Other Religions,0.22
2020,Chile,Judaism,0.11
2020,China,Christianity,5.21
2020,China,Islam,2.02
2020,China,Unaffiliated Religions,51.83
2020,China,Hinduism,0.0
2020,China,Buddhism,18.33
2020,China,Folk Religions,21.92
2020,China,Other Religions,0.69
2020,China,Judaism,0.0
2020,Colombia,Christianity,92.35
2020,Colombia,Islam,0.02
2020,Colombia,Unaffiliated Religions,6.73
2020,Colombia,Hinduism,0.0
2020,Colombia,Buddhism,0.0
2020,Colombia,Folk Religions,0.82
2020,Colombia,Other Religions,0.08
2020,Colombia,Judaism,0.0
2020,Comoros,Christianity,0.0
2020,Comoros,Islam,100.0
2020,Comoros,Unaffiliated Religions,0.0
2020,Comoros,Hinduism,0.0
2020,Comoros,Buddhism,0.0
2020,Comoros,Folk Religions,0.0
2020,Comoros,Other Religions,0.0
2020,Comoros,Judaism,0.0
2020,Congo,Christianity,87.16
2020,Congo,Islam,1.17
2020,Congo,Unaffiliated Religions,7.98
2020,Congo,Hinduism,0.0
2020,Congo,Buddhism,0.0
2020,Congo,Folk Religions,2.72
2020,Congo,Other Religions,0.97
2020,Congo,Judaism,0.0
2020,Cook Islands,Christianity,100.0
2020,Cook Islands,Islam,0.0
2020,Cook Islands,Unaffiliated Religions,0.0
2020,Cook Islands,Hinduism,0.0
2020,Cook Islands,Buddhism,0.0
2020,Cook Islands,Folk Religions,0.0
2020,Cook Islands,Other Religions,0.0
2020,Cook Islands,Judaism,0.0
2020,Costa Rica,Christianity,90.87
2020,Costa Rica,Islam,0.0
2020,Costa Rica,Unaffiliated Religions,7.98
2020,Costa Rica,Hinduism,0.0
2020,Costa Rica,Buddhism,0.0
2020,Costa Rica,Folk Religions,0.76
2020,Costa Rica,Other Religions,0.38
2020,Costa Rica,Judaism,0.0
2020,Croatia,Christianity,93.26
2020,Croatia,Islam,1.63
2020,Croatia,Unaffiliated Religions,5.12
2020,Croatia,Hinduism,0.0
2020,Croatia,Buddhism,0.0
2020,Croatia,Folk Religions,0.0
2020,Croatia,Other Religions,0.0
2020,Croatia,Judaism,0.0
2020,Cuba,Christianity,58.97
2020,Cuba,Islam,0.0
2020,Cuba,Unaffiliated Religions,23.19
2020,Cuba,Hinduism,0.18
2020,Cuba,Buddhism,0.0
2020,Cuba,Folk Religions,17.66
2020,Cuba,Other Religions,0.0
2020,Cuba,Judaism,0.0
2020,Curacao,Christianity,100.0
2020,Curacao,Islam,0.0
2020,Curacao,Unaffiliated Religions,0.0
2020,Curacao,Hinduism,0.0
2020,Curacao,Buddhism,0.0
2020,Curacao,Folk Religions,0.0
2020,Curacao,Other Religions,0.0
2020,Curacao,Judaism,0.0
2020,Cyprus,Christianity,73.33
2020,Cyprus,Islam,25.0
2020,Cyprus,Unaffiliated Religions,1.67
2020,Cyprus,Hinduism,0.0
2020,Cyprus,Buddhism,0.0
2020,Cyprus,Folk Religions,0.0
2020,Cyprus,Other Religions,0.0
2020,Cyprus,Judaism,0.0
2020,Czech Republic,Christianity,20.95
2020,Czech Republic,Islam,0.19
2020,Czech Republic,Unaffiliated Religions,78.48
2020,Czech Republic,Hinduism,0.0
2020,Czech Republic,Buddhism,0.19
2020,Czech Republic,Folk Religions,0.19
2020,Czech Republic,Other Religions,0.0
2020,Czech Republic,Judaism,0.0
2020,Denmark,Christianity,81.98
2020,Denmark,Islam,5.12
2020,Denmark,Unaffiliated Religions,12.01
2020,Denmark,Hinduism,0.53
2020,Denmark,Buddhism,0.35
2020,Denmark,Folk Religions,0.0
2020,Denmark,Other Religions,0.0
2020,Denmark,Judaism,0.0
2020,Djibouti,Christianity,1.9
2020,Djibouti,Islam,98.1
2020,Djibouti,Unaffiliated Religions,0.0
2020,Djibouti,Hinduism,0.0
2020,Djibouti,Buddhism,0.0
2020,Djibouti,Folk Religions,0.0
2020,Djibouti,Other Religions,0.0
2020,Djibouti,Judaism,0.0
2020,Dominica,Christianity,100.0
2020,Dominica,Islam,0.0
2020,Dominica,Unaffiliated Religions,0.0
2020,Dominica,Hinduism,0.0
2020,Dominica,Buddhism,0.0
2020,Dominica,Folk Religions,0.0
2020,Dominica,Other Religions,0.0
2020,Dominica,Judaism,0.0
2020,Dominican Republic,Christianity,88.11
2020,Dominican Republic,Islam,0.0
2020,Dominican Republic,Unaffiliated Religions,10.91
2020,Dominican Republic,Hinduism,0.0
2020,Dominican Republic,Buddhism,0.0
2020,Dominican Republic,Folk Religions,0.89
2020,Dominican Republic,Other Religions,0.09
2020,Dominican Republic,Judaism,0.0
2020,Ecuador,Christianity,94.11
2020,Ecuador,Islam,0.0
2020,Ecuador,Unaffiliated Religions,5.59
2020,Ecuador,Hinduism,0.0
2020,Ecuador,Buddhism,0.0
2020,Ecuador,Folk Religions,0.3
2020,Ecuador,Other Religions,0.0
2020,Ecuador,Judaism,0.0
2020,Egypt,Christianity,4.68
2020,Egypt,Islam,95.32
2020,Egypt,Unaffiliated Religions,0.0
2020,Egypt,Hinduism,0.0
2020,Egypt,Buddhism,0.0
2020,Egypt,Folk Religions,0.0
2020,Egypt,Other Religions,0.0
2020,Egypt,Judaism,0.0
2020,El Salvador,Christianity,88.14
2020,El Salvador,Islam,0.0
2020,El Salvador,Unaffiliated Religions,11.11
2020,El Salvador,Hinduism,0.0
2020,El Salvador,Buddhism,0.0
2020,El Salvador,Folk Religions,0.45
2020,El Salvador,Other Religions,0.3
2020,El Salvador,Judaism,0.0
2020,Equatorial Guinea,Christianity,90.59
2020,Equatorial Guinea,Islam,3.53
2020,Equatorial Guinea,Unaffiliated Religions,4.71
2020,Equatorial Guinea,Hinduism,0.0
2020,Equatorial Guinea,Buddhism,0.0
2020,Equatorial Guinea,Folk Religions,1.18
2020,Equatorial Guinea,Other Religions,0.0
2020,Equatorial Guinea,Judaism,0.0
2020,Eritrea,Christianity,62.95
2020,Eritrea,Islam,36.61
2020,Eritrea,Unaffiliated Religions,0.0
2020,Eritrea,Hinduism,0.0
2020,Eritrea,Buddhism,0.0
2020,Eritrea,Folk Religions,0.45
2020,Eritrea,Other Religions,0.0
2020,Eritrea,Judaism,0.0
2020,Estonia,Christianity,39.37
2020,Estonia,Islam,0.0
2020,Estonia,Unaffiliated Religions,60.63
2020,Estonia,Hinduism,0.0
2020,Estonia,Buddhism,0.0
2020,Estonia,Folk Religions,0.0
2020,Estonia,Other Religions,0.0
2020,Estonia,Judaism,0.0
2020,Ethiopia,Christianity,61.93
2020,Ethiopia,Islam,35.9
2020,Ethiopia,Unaffiliated Religions,0.06
2020,Ethiopia,Hinduism,0.0
2020,Ethiopia,Buddhism,0.0
2020,Ethiopia,Folk Religions,2.1
2020,Ethiopia,Other Religions,0.01
2020,Ethiopia,Judaism,0.0
2020,Faeroe Islands,Christianity,100.0
2020,Faeroe Islands,Islam,0.0
2020,Faeroe Islands,Unaffiliated Religions,0.0
2020,Faeroe Islands,Hinduism,0.0
2020,Faeroe Islands,Buddhism,0.0
2020,Faeroe Islands,Folk Religions,0.0
2020,Faeroe Islands,Other Religions,0.0
2020,Faeroe Islands,Judaism,0.0
2020,Federated States of Micronesia,Christianity,100.0
2020,Federated States of Micronesia,Islam,0.0
2020,Federated States of Micronesia,Unaffiliated Religions,0.0
2020,Federated States of Micronesia,Hinduism,0.0
2020,Federated States of Micronesia,Buddhism,0.0
2020,Federated States of Micronesia,Folk Religions,0.0
2020,Federated States of Micronesia,Other Religions,0.0
2020,Federated States of Micronesia,Judaism,0.0
2020,Fiji,Christianity,65.62
2020,Fiji,Islam,6.25
2020,Fiji,Unaffiliated Religions,0.0
2020,Fiji,Hinduism,28.12
2020,Fiji,Buddhism,0.0
2020,Fiji,Folk Religions,0.0
2020,Fiji,Other Religions,0.0
2020,Fiji,Judaism,0.0
2020,Finland,Christianity,77.96
2020,Finland,Islam,1.28
2020,Finland,Unaffiliated Religions,20.77
2020,Finland,Hinduism,0.0
2020,Finland,Buddhism,0.0
2020,Finland,Folk Religions,0.0
2020,Finland,Other Religions,0.0
2020,Finland,Judaism,0.0
2020,France,Christianity,58.15
2020,France,Islam,8.32
2020,France,Unaffiliated Religions,31.92
2020,France,Hinduism,0.06
2020,France,Buddhism,0.48
2020,France,Folk Religions,0.38
2020,France,Other Religions,0.17
2020,France,Judaism,0.52
2020,French Guiana,Christianity,88.89
2020,French Guiana,Islam,0.0
2020,French Guiana,Unaffiliated Religions,3.7
2020,French Guiana,Hinduism,0.0
2020,French Guiana,Buddhism,0.0
2020,French Guiana,Folk Religions,7.41
2020,French Guiana,Other Religions,0.0
2020,French Guiana,Judaism,0.0
2020,French Polynesia,Christianity,96.55
2020,French Polynesia,Islam,0.0
2020,French Polynesia,Unaffiliated Religions,3.45
2020,French Polynesia,Hinduism,0.0
2020,French Polynesia,Buddhism,0.0
2020,French Polynesia,Folk Religions,0.0
2020,French Polynesia,Other Religions,0.0
2020,French Polynesia,Judaism,0.0
2020,Gabon,Christianity,75.27
2020,Gabon,Islam,12.37
2020,Gabon,Unaffiliated Religions,5.91
2020,Gabon,Hinduism,0.0
2020,Gabon,Buddhism,0.0
2020,Gabon,Folk Religions,5.91
2020,Gabon,Other Religions,0.54
2020,Gabon,Judaism,0.0
2020,Gambia,Christianity,4.24
2020,Gambia,Islam,95.76
2020,Gambia,Unaffiliated Religions,0.0
2020,Gambia,Hinduism,0.0
2020,Gambia,Buddhism,0.0
2020,Gambia,Folk Religions,0.0
2020,Gambia,Other Religions,0.0
2020,Gambia,Judaism,0.0
2020,Georgia,Christianity,87.65
2020,Georgia,Islam,11.64
2020,Georgia,Unaffiliated Religions,0.71
2020,Georgia,Hinduism,0.0
2020,Georgia,Buddhism,0.0
2020,Georgia,Folk Religions,0.0
2020,Georgia,Other Religions,0.0
2020,Georgia,Judaism,0.0
2020,Germany,Christianity,66.04
2020,Germany,Islam,6.87
2020,Germany,Unaffiliated Religions,26.26
2020,Germany,Hinduism,0.1
2020,Germany,Buddhism,0.29
2020,Germany,Folk Religions,0.05
2020,Germany,Other Religions,0.12
2020,Germany,Judaism,0.27
2020,Ghana,Christianity,73.62
2020,Ghana,Islam,17.47
2020,Ghana,Unaffiliated Religions,3.82
2020,Ghana,Hinduism,0.0
2020,Ghana,Buddhism,0.0
2020,Ghana,Folk Religions,4.95
2020,Ghana,Other Religions,0.13
2020,Ghana,Judaism,0.0
2020,Gibraltar,Christianity,100.0
2020,Gibraltar,Islam,0.0
2020,Gibraltar,Unaffiliated Religions,0.0
2020,Gibraltar,Hinduism,0.0
2020,Gibraltar,Buddhism,0.0
2020,Gibraltar,Folk Religions,0.0
2020,Gibraltar,Other Religions,0.0
2020,Gibraltar,Judaism,0.0
2020,Greece,Christianity,87.63
2020,Greece,Islam,5.87
2020,Greece,Unaffiliated Religions,6.14
2020,Greece,Hinduism,0.18
2020,Greece,Buddhism,0.0
2020,Greece,Folk Religions,0.09
2020,Greece,Other Religions,0.09
2020,Greece,Judaism,0.0
2020,Greenland,Christianity,100.0
2020,Greenland,Islam,0.0
2020,Greenland,Unaffiliated Religions,0.0
2020,Greenland,Hinduism,0.0
2020,Greenland,Buddhism,0.0
2020,Greenland,Folk Religions,0.0
2020,Greenland,Other Religions,0.0
2020,Greenland,Judaism,0.0
2020,Grenada,Christianity,100.0
2020,Grenada,Islam,0.0
2020,Grenada,Unaffiliated Religions,0.0
2020,Grenada,Hinduism,0.0
2020,Grenada,Buddhism,0.0
2020,Grenada,Folk Religions,0.0
2020,Grenada,Other Religions,0.0
2020,Grenada,Judaism,0.0
2020,Guadeloupe,Christianity,97.92
2020,Guadeloupe,Islam,0.0
2020,Guadeloupe,Unaffiliated Religions,2.08
2020,Guadeloupe,Hinduism,0.0
2020,Guadeloupe,Buddhism,0.0
2020,Guadeloupe,Folk Religions,0.0
2020,Guadeloupe,Other Religions,0.0
2020,Guadeloupe,Judaism,0.0
2020,Guam,Christianity,100.0
2020,Guam,Islam,0.0
2020,Guam,Unaffiliated Religions,0.0
2020,Guam,Hinduism,0.0
2020,Guam,Buddhism,0.0
2020,Guam,Folk Religions,0.0
2020,Guam,Other Religions,0.0
2020,Guam,Judaism,0.0
2020,Guatemala,Christianity,95.33
2020,Guatemala,Islam,0.0
2020,Guatemala,Unaffiliated Religions,3.95
2020,Guatemala,Hinduism,0.0
2020,Guatemala,Buddhism,0.0
2020,Guatemala,Folk Religions,0.6
2020,Guatemala,Other Religions,0.11
2020,Guatemala,Judaism,0.0
2020,Guinea,Christianity,10.82
2020,Guinea,Islam,84.64
2020,Guinea,Unaffiliated Religions,1.8
2020,Guinea,Hinduism,0.0
2020,Guinea,Buddhism,0.08
2020,Guinea,Folk Religions,2.66
2020,Guinea,Other Religions,0.0
2020,Guinea,Judaism,0.0
2020,Guinea-Bissau,Christianity,19.02
2020,Guinea-Bissau,Islam,46.2
2020,Guinea-Bissau,Unaffiliated Religions,4.35
2020,Guinea-Bissau,Hinduism,0.0
2020,Guinea-Bissau,Buddhism,0.0
2020,Guinea-Bissau,Folk Religions,30.43
2020,Guinea-Bissau,Other Religions,0.0
2020,Guinea-Bissau,Judaism,0.0
2020,Guyana,Christianity,68.24
2020,Guyana,Islam,5.88
2020,Guyana,Unaffiliated Religions,2.35
2020,Guyana,Hinduism,23.53
2020,Guyana,Buddhism,0.0
2020,Guyana,Folk Religions,0.0
2020,Guyana,Other Religions,0.0
2020,Guyana,Judaism,0.0
2020,Haiti,Christianity,87.0
2020,Haiti,Islam,0.0
2020,Haiti,Unaffiliated Religions,10.66
2020,Haiti,Hinduism,0.0
2020,Haiti,Buddhism,0.0
2020,Haiti,Folk Religions,2.08
2020,Haiti,Other Religions,0.26
2020,Haiti,Judaism,0.0
2020,Honduras,Christianity,87.56
2020,Honduras,Islam,0.11
2020,Honduras,Unaffiliated Religions,10.46
2020,Honduras,Hinduism,0.0
2020,Honduras,Buddhism,0.11
2020,Honduras,Folk Religions,1.1
2020,Honduras,Other Religions,0.66
2020,Honduras,Judaism,0.0
2020,Hong Kong,Christianity,14.97
2020,Hong Kong,Islam,2.14
2020,Hong Kong,Unaffiliated Religions,54.68
2020,Hong Kong,Hinduism,0.4
2020,Hong Kong,Buddhism,13.37
2020,Hong Kong,Folk Religions,12.97
2020,Hong Kong,Other Religions,1.47
2020,Hong Kong,Judaism,0.0
2020,Hungary,Christianity,79.5
2020,Hungary,Islam,0.1
2020,Hungary,Unaffiliated Religions,20.39
2020,Hungary,Hinduism,0.0
2020,Hungary,Buddhism,0.0
2020,Hungary,Folk Religions,0.0
2020,Hungary,Other Religions,0.0
2020,Hungary,Judaism,0.0
2020,Iceland,Christianity,97.06
2020,Iceland,Islam,0.0
2020,Iceland,Unaffiliated Religions,2.94
2020,Iceland,Hinduism,0.0
2020,Iceland,Buddhism,0.0
2020,Iceland,Folk Religions,0.0
2020,Iceland,Other Religions,0.0
2020,Iceland,Judaism,0.0
2020,India,Christianity,2.44
2020,India,Islam,15.38
2020,India,Unaffiliated Religions,0.06
2020,India,Hinduism,78.86
2020,India,Buddhism,0.73
2020,India,Folk Religions,0.47
2020,India,Other Religions,2.06
2020,India,Judaism,0.0
2020,Indonesia,Christianity,10.2
2020,Indonesia,Islam,87.01
2020,Indonesia,Unaffiliated Religions,0.09
2020,Indonesia,Hinduism,1.6
2020,Indonesia,Buddhism,0.68
2020,Indonesia,Folk Religions,0.28
2020,Indonesia,Other Religions,0.14
2020,Indonesia,Judaism,0.0
2020,Iran,Christianity,0.12
2020,Iran,Islam,99.56
2020,Iran,Unaffiliated Religions,0.12
2020,Iran,Hinduism,0.02
2020,Iran,Buddhism,0.0
2020,Iran,Folk Religions,0.0
2020,Iran,Other Religions,0.17
2020,Iran,Judaism,0.0
2020,Iraq,Christianity,0.77
2020,Iraq,Islam,99.07
2020,Iraq,Unaffiliated Religions,0.12
2020,Iraq,Hinduism,0.0
2020,Iraq,Buddhism,0.0
2020,Iraq,Folk Religions,0.0
2020,Iraq,Other Religions,0.05
2020,Iraq,Judaism,0.0
2020,Ireland,Christianity,90.0
2020,Ireland,Islam,1.57
2020,Ireland,Unaffiliated Religions,7.84
2020,Ireland,Hinduism,0.39
2020,Ireland,Buddhism,0.2
2020,Ireland,Folk Religions,0.0
2020,Ireland,Other Religions,0.0
2020,Ireland,Judaism,0.0
2020,Isle of Man,Christianity,88.89
2020,Isle of Man,Islam,0.0
2020,Isle of Man,Unaffiliated Religions,11.11
2020,Isle of Man,Hinduism,0.0
2020,Isle of Man,Buddhism,0.0
2020,Isle of Man,Folk Religions,0.0
2020,Isle of Man,Other Religions,0.0
2020,Isle of Man,Judaism,0.0
2020,Israel,Christianity,2.09
2020,Israel,Islam,20.12
2020,Israel,Unaffiliated Religions,3.26
2020,Israel,Hinduism,0.0
2020,Israel,Buddhism,0.23
2020,Israel,Folk Religions,0.23
2020,Israel,Other Religions,0.12
2020,Israel,Judaism,73.95
2020,Italy,Christianity,80.82
2020,Italy,Islam,4.91
2020,Italy,Unaffiliated Religions,13.44
2020,Italy,Hinduism,0.23
2020,Italy,Buddhism,0.25
2020,Italy,Folk Religions,0.17
2020,Italy,Other Religions,0.1
2020,Italy,Judaism,0.08
2020,Ivory Coast,Christianity,43.99
2020,Ivory Coast,Islam,37.2
2020,Ivory Coast,Unaffiliated Religions,8.11
2020,Ivory Coast,Hinduism,0.0
2020,Ivory Coast,Buddhism,0.04
2020,Ivory Coast,Folk Religions,10.49
2020,Ivory Coast,Other Religions,0.16
2020,Ivory Coast,Judaism,0.0
2020,Jamaica,Christianity,77.21
2020,Jamaica,Islam,0.0
2020,Jamaica,Unaffiliated Religions,17.01
2020,Jamaica,Hinduism,0.0
2020,Jamaica,Buddhism,0.0
2020,Jamaica,Folk Religions,4.76
2020,Jamaica,Other Religions,1.02
2020,Jamaica,Judaism,0.0
2020,Japan,Christianity,1.76
2020,Japan,Islam,0.18
2020,Japan,Unaffiliated Religions,59.99
2020,Japan,Hinduism,0.03
2020,Japan,Buddhism,33.19
2020,Japan,Folk Religions,0.4
2020,Japan,Other Religions,4.45
2020,Japan,Judaism,0.0
2020,Jordan,Christianity,2.1
2020,Jordan,Islam,97.37
2020,Jordan,Unaffiliated Religions,0.0
2020,Jordan,Hinduism,0.13
2020,Jordan,Buddhism,0.39
2020,Jordan,Folk Religions,0.0
2020,Jordan,Other Religions,0.0
2020,Jordan,Judaism,0.0
2020,Kazakhstan,Christianity,23.11
2020,Kazakhstan,Islam,72.02
2020,Kazakhstan,Unaffiliated Religions,4.03
2020,Kazakhstan,Hinduism,0.0
2020,Kazakhstan,Buddhism,0.34
2020,Kazakhstan,Folk Religions,0.39
2020,Kazakhstan,Other Religions,0.11
2020,Kazakhstan,Judaism,0.0
2020,Kenya,Christianity,84.48
2020,Kenya,Islam,10.55
2020,Kenya,Unaffiliated Religions,2.28
2020,Kenya,Hinduism,0.13
2020,Kenya,Buddhism,0.0
2020,Kenya,Folk Religions,1.48
2020,Kenya,Other Religions,1.08
2020,Kenya,Judaism,0.0
2020,Kiribati,Christianity,100.0
2020,Kiribati,Islam,0.0
2020,Kiribati,Unaffiliated Religions,0.0
2020,Kiribati,Hinduism,0.0
2020,Kiribati,Buddhism,0.0
2020,Kiribati,Folk Religions,0.0
2020,Kiribati,Other Religions,0.0
2020,Kiribati,Judaism,0.0
2020,Kosovo,Christianity,5.41
2020,Kosovo,Islam,94.59
2020,Kosovo,Unaffiliated Religions,0.0
2020,Kosovo,Hinduism,0.0
2020,Kosovo,Buddhism,0.0
2020,Kosovo,Folk Religions,0.0
2020,Kosovo,Other Religions,0.0
2020,Kosovo,Judaism,0.0
2020,Kuwait,Christianity,13.6
2020,Kuwait,Islam,71.0
2020,Kuwait,Unaffiliated Religions,0.0
2020,Kuwait,Hinduism,9.97
2020,Kuwait,Buddhism,5.44
2020,Kuwait,Folk Religions,0.0
2020,Kuwait,Other Religions,0.0
2020,Kuwait,Judaism,0.0
2020,Kyrgyzstan,Christianity,10.02
2020,Kyrgyzstan,Islam,89.5
2020,Kyrgyzstan,Unaffiliated Religions,0.48
2020,Kyrgyzstan,Hinduism,0.0
2020,Kyrgyzstan,Buddhism,0.0
2020,Kyrgyzstan,Folk Religions,0.0
2020,Kyrgyzstan,Other Religions,0.0
2020,Kyrgyzstan,Judaism,0.0
2020,Laos,Christianity,1.52
2020,Laos,Islam,0.0
2020,Laos,Unaffiliated Religions,0.83
2020,Laos,Hinduism,0.0
2020,Laos,Buddhism,64.13
2020,Laos,Folk Religions,32.83
2020,Laos,Other Religions,0.69
2020,Laos,Judaism,0.0
2020,Latvia,Christianity,54.72
2020,Latvia,Islam,0.0
2020,Latvia,Unaffiliated Religions,45.28
2020,Latvia,Hinduism,0.0
2020,Latvia,Buddhism,0.0
2020,Latvia,Folk Religions,0.0
2020,Latvia,Other Religions,0.0
2020,Latvia,Judaism,0.0
2020,Lebanon,Christianity,38.41
2020,Lebanon,Islam,61.37
2020,Lebanon,Unaffiliated Religions,0.22
2020,Lebanon,Hinduism,0.0
2020,Lebanon,Buddhism,0.0
2020,Lebanon,Folk Religions,0.0
2020,Lebanon,Other Religions,0.0
2020,Lebanon,Judaism,0.0
2020,Lesotho,Christianity,97.06
2020,Lesotho,Islam,0.0
2020,Lesotho,Unaffiliated Religions,2.94
2020,Lesotho,Hinduism,0.0
2020,Lesotho,Buddhism,0.0
2020,Lesotho,Folk Religions,0.0
2020,Lesotho,Other Religions,0.0
2020,Lesotho,Judaism,0.0
2020,Liberia,Christianity,86.32
2020,Liberia,Islam,11.75
2020,Liberia,Unaffiliated Religions,1.35
2020,Liberia,Hinduism,0.0
2020,Liberia,Buddhism,0.0
2020,Liberia,Folk Religions,0.58
2020,Liberia,Other Religions,0.0
2020,Liberia,Judaism,0.0
2020,Libya,Christianity,2.7
2020,Libya,Islam,96.89
2020,Libya,Unaffiliated Religions,0.14
2020,Libya,Hinduism,0.0
2020,Libya,Buddhism,0.27
2020,Libya,Folk Religions,0.0
2020,Libya,Other Religions,0.0
2020,Libya,Judaism,0.0
2020,Liechtenstein,Christianity,100.0
2020,Liechtenstein,Islam,0.0
2020,Liechtenstein,Unaffiliated Religions,0.0
2020,Liechtenstein,Hinduism,0.0
2020,Liechtenstein,Buddhism,0.0
2020,Liechtenstein,Folk Religions,0.0
2020,Liechtenstein,Other Religions,0.0
2020,Liechtenstein,Judaism,0.0
2020,Lithuania,Christianity,90.1
2020,Lithuania,Islam,0.0
2020,Lithuania,Unaffiliated Religions,9.9
2020,Lithuania,Hinduism,0.0
2020,Lithuania,Buddhism,0.0
2020,Lithuania,Folk Religions,0.0
2020,Lithuania,Other Religions,0.0
2020,Lithuania,Judaism,0.0
2020,Luxembourg,Christianity,71.15
2020,Luxembourg,Islam,1.92
2020,Luxembourg,Unaffiliated Religions,26.92
2020,Luxembourg,Hinduism,0.0
2020,Luxembourg,Buddhism,0.0
2020,Luxembourg,Folk Religions,0.0
2020,Luxembourg,Other Religions,0.0
2020,Luxembourg,Judaism,0.0
2020,Macau,Christianity,7.02
2020,Macau,Islam,0.0
2020,Macau,Unaffiliated Religions,15.79
2020,Macau,Hinduism,0.0
2020,Macau,Buddhism,17.54
2020,Macau,Folk Religions,59.65
2020,Macau,Other Religions,0.0
2020,Macau,Judaism,0.0
2020,Madagascar,Christianity,84.73
2020,Madagascar,Islam,3.1
2020,Madagascar,Unaffiliated Religions,7.34
2020,Madagascar,Hinduism,0.07
2020,Madagascar,Buddhism,0.0
2020,Madagascar,Folk Religions,4.64
2020,Madagascar,Other Religions,0.11
2020,Madagascar,Judaism,0.0
2020,Malawi,Christianity,83.44
2020,Malawi,Islam,12.84
2020,Malawi,Unaffiliated Religions,1.98
2020,Malawi,Hinduism,0.05
2020,Malawi,Buddhism,0.0
2020,Malawi,Folk Religions,1.64
2020,Malawi,Other Religions,0.05
2020,Malawi,Judaism,0.0
2020,Malaysia,Christianity,9.42
2020,Malaysia,Islam,66.18
2020,Malaysia,Unaffiliated Religions,0.6
2020,Malaysia,Hinduism,5.82
2020,Malaysia,Buddhism,15.65
2020,Malaysia,Folk Religions,2.19
2020,Malaysia,Other Religions,0.15
2020,Malaysia,Judaism,0.0
2020,Maldives,Christianity,0.0
2020,Maldives,Islam,100.0
2020,Maldives,Unaffiliated Religions,0.0
2020,Maldives,Hinduism,0.0
2020,Maldives,Buddhism,0.0
2020,Maldives,Folk Religions,0.0
2020,Maldives,Other Religions,0.0
2020,Maldives,Judaism,0.0
2020,Mali,Christianity,2.36
2020,Mali,Islam,94.55
2020,Mali,Unaffiliated Religions,0.53
2020,Mali,Hinduism,0.0
2020,Mali,Buddhism,0.0
2020,Mali,Folk Religions,2.56
2020,Mali,Other Religions,0.0
2020,Mali,Judaism,0.0
2020,Malta,Christianity,97.56
2020,Malta,Islam,0.0
2020,Malta,Unaffiliated Religions,2.44
2020,Malta,Hinduism,0.0
2020,Malta,Buddhism,0.0
2020,Malta,Folk Religions,0.0
2020,Malta,Other Religions,0.0
2020,Malta,Judaism,0.0
2020,Marshall Islands,Christianity,100.0
2020,Marshall Islands,Islam,0.0
2020,Marshall Islands,Unaffiliated Religions,0.0
2020,Marshall Islands,Hinduism,0.0
2020,Marshall Islands,Buddhism,0.0
2020,Marshall Islands,Folk Religions,0.0
2020,Marshall Islands,Other Religions,0.0
2020,Marshall Islands,Judaism,0.0
2020,Martinique,Christianity,100.0
2020,Martinique,Islam,0.0
2020,Martinique,Unaffiliated Religions,0.0
2020,Martinique,Hinduism,0.0
2020,Martinique,Buddhism,0.0
2020,Martinique,Folk Religions,0.0
2020,Martinique,Other Religions,0.0
2020,Martinique,Judaism,0.0
2020,Mauritania,Christianity,0.23
2020,Mauritania,Islam,99.31
2020,Mauritania,Unaffiliated Religions,0.0
2020,Mauritania,Hinduism,0.0
2020,Mauritania,Buddhism,0.0
2020,Mauritania,Folk Religions,0.46
2020,Mauritania,Other Religions,0.0
2020,Mauritania,Judaism,0.0
2020,Mauritius,Christianity,33.33
2020,Mauritius,Islam,17.42
2020,Mauritius,Unaffiliated Religions,0.76
2020,Mauritius,Hinduism,48.48
2020,Mauritius,Buddhism,0.0
2020,Mauritius,Folk Religions,0.0
2020,Mauritius,Other Religions,0.0
2020,Mauritius,Judaism,0.0
2020,Mayotte,Christianity,0.0
2020,Mayotte,Islam,100.0
2020,Mayotte,Unaffiliated Religions,0.0
2020,Mayotte,Hinduism,0.0
2020,Mayotte,Buddhism,0.0
2020,Mayotte,Folk Religions,0.0
2020,Mayotte,Other Religions,0.0
2020,Mayotte,Judaism,0.0
2020,Mexico,Christianity,94.11
2020,Mexico,Islam,0.0
2020,Mexico,Unaffiliated Religions,5.75
2020,Mexico,Hinduism,0.0
2020,Mexico,Buddhism,0.01
2020,Mexico,Folk Religions,0.06
2020,Mexico,Other Religions,0.02
2020,Mexico,Judaism,0.06
2020,Moldova,Christianity,97.31
2020,Moldova,Islam,0.9
2020,Moldova,Unaffiliated Religions,1.19
2020,Moldova,Hinduism,0.0
2020,Moldova,Buddhism,0.0
2020,Moldova,Folk Religions,0.0
2020,Moldova,Other Religions,0.0
2020,Moldova,Judaism,0.6
2020,Monaco,Christianity,100.0
2020,Monaco,Islam,0.0
2020,Monaco,Unaffiliated Religions,0.0
2020,Monaco,Hinduism,0.0
2020,Monaco,Buddhism,0.0
2020,Monaco,Folk Religions,0.0
2020,Monaco,Other Religions,0.0
2020,Monaco,Judaism,0.0
2020,Mongolia,Christianity,2.2
2020,Mongolia,Islam,3.46
2020,Mongolia,Unaffiliated Religions,36.48
2020,Mongolia,Hinduism,0.0
2020,Mongolia,Buddhism,54.4
2020,Mongolia,Folk Religions,3.46
2020,Mongolia,Other Religions,0.0
2020,Mongolia,Judaism,0.0
2020,Montenegro,Christianity,76.56
2020,Montenegro,Islam,20.31
2020,Montenegro,Unaffiliated Religions,3.12
2020,Montenegro,Hinduism,0.0
2020,Montenegro,Buddhism,0.0
2020,Montenegro,Folk Religions,0.0
2020,Montenegro,Other Religions,0.0
2020,Montenegro,Judaism,0.0
2020,Morocco,Christianity,0.06
2020,Morocco,Islam,99.94
2020,Morocco,Unaffiliated Religions,0.0
2020,Morocco,Hinduism,0.0
2020,Morocco,Buddhism,0.0
2020,Morocco,Folk Religions,0.0
2020,Morocco,Other Religions,0.0
2020,Morocco,Judaism,0.0
2020,Mozambique,Christianity,57.79
2020,Mozambique,Islam,17.24
2020,Mozambique,Unaffiliated Religions,17.31
2020,Mozambique,Hinduism,0.03
2020,Mozambique,Buddhism,0.0
2020,Mozambique,Folk Religions,7.62
2020,Mozambique,Other Religions,0.0
2020,Mozambique,Judaism,0.0
2020,Myanmar,Christianity,7.78
2020,Myanmar,Islam,4.24
2020,Myanmar,Unaffiliated Religions,0.5
2020,Myanmar,Hinduism,1.71
2020,Myanmar,Buddhism,79.83
2020,Myanmar,Folk Religions,5.76
2020,Myanmar,Other Religions,0.17
2020,Myanmar,Judaism,0.0
2020,Namibia,Christianity,98.11
2020,Namibia,Islam,0.0
2020,Namibia,Unaffiliated Religions,1.89
2020,Namibia,Hinduism,0.0
2020,Namibia,Buddhism,0.0
2020,Namibia,Folk Religions,0.0
2020,Namibia,Other Religions,0.0
2020,Namibia,Judaism,0.0
2020,Nepal,Christianity,0.48
2020,Nepal,Islam,5.04
2020,Nepal,Unaffiliated Religions,0.25
2020,Nepal,Hinduism,80.54
2020,Nepal,Buddhism,9.97
2020,Nepal,Folk Religions,3.63
2020,Nepal,Other Religions,0.08
2020,Nepal,Judaism,0.0
2020,Netherlands,Christianity,47.33
2020,Netherlands,Islam,6.86
2020,Netherlands,Unaffiliated Religions,44.28
2020,Netherlands,Hinduism,0.59
2020,Netherlands,Buddhism,0.29
2020,Netherlands,Folk Religions,0.23
2020,Netherlands,Other Religions,0.23
2020,Netherlands,Judaism,0.18
2020,New Caledonia,Christianity,88.46
2020,New Caledonia,Islam,0.0
2020,New Caledonia,Unaffiliated Religions,11.54
2020,New Caledonia,Hinduism,0.0
2020,New Caledonia,Buddhism,0.0
2020,New Caledonia,Folk Religions,0.0
2020,New Caledonia,Other Religions,0.0
2020,New Caledonia,Judaism,0.0
2020,New Zealand,Christianity,52.92
2020,New Zealand,Islam,1.67
2020,New Zealand,Unaffiliated Religions,39.79
2020,New Zealand,Hinduism,2.5
2020,New Zealand,Buddhism,1.88
2020,New Zealand,Folk Religions,0.42
2020,New Zealand,Other Religions,0.83
2020,New Zealand,Judaism,0.0
2020,Nicaragua,Christianity,85.61
2020,Nicaragua,Islam,0.0
2020,Nicaragua,Unaffiliated Religions,13.04
2020,Nicaragua,Hinduism,0.0
2020,Nicaragua,Buddhism,0.0
2020,Nicaragua,Folk Religions,1.35
2020,Nicaragua,Other Religions,0.0
2020,Nicaragua,Judaism,0.0
2020,Niger,Christianity,0.91
2020,Niger,Islam,98.23
2020,Niger,Unaffiliated Religions,0.77
2020,Niger,Hinduism,0.0
2020,Niger,Buddhism,0.0
2020,Niger,Folk Religions,0.09
2020,Niger,Other Religions,0.0
2020,Niger,Judaism,0.0
2020,Nigeria,Christianity,46.94
2020,Nigeria,Islam,51.12
2020,Nigeria,Unaffiliated Religions,0.39
2020,Nigeria,Hinduism,0.0
2020,Nigeria,Buddhism,0.01
2020,Nigeria,Folk Religions,1.49
2020,Nigeria,Other Religions,0.05
2020,Nigeria,Judaism,0.0
2020,North Korea,Christianity,1.97
2020,North Korea,Islam,0.0
2020,North Korea,Unaffiliated Religions,71.28
2020,North Korea,Hinduism,0.0
2020,North Korea,Buddhism,1.5
2020,North Korea,Folk Religions,12.35
2020,North Korea,Other Religions,12.9
2020,North Korea,Judaism,0.0
2020,North Macedonia,Christianity,55.0
2020,North Macedonia,Islam,43.5
2020,North Macedonia,Unaffiliated Religions,1.5
2020,North Macedonia,Hinduism,0.0
2020,North Macedonia,Buddhism,0.0
2020,North Macedonia,Folk Religions,0.0
2020,North Macedonia,Other Religions,0.0
2020,North Macedonia,Judaism,0.0
2020,Northern Mariana Islands,Christianity,100.0
2020,Northern Mariana Islands,Islam,0.0
2020,Northern Mariana Islands,Unaffiliated Religions,0.0
2020,Northern Mariana Islands,Hinduism,0.0
2020,Northern Mariana Islands,Buddhism,0.0
2020,Northern Mariana Islands,Folk Religions,0.0
2020,Northern Mariana Islands,Other Religions,0.0
2020,Northern Mariana Islands,Judaism,0.0
2020,Norway,Christianity,81.98
2020,Norway,Islam,4.84
2020,Norway,Unaffiliated Religions,11.63
2020,Norway,Hinduism,0.58
2020,Norway,Buddhism,0.78
2020,Norway,Folk Religions,0.0
2020,Norway,Other Religions,0.19
2020,Norway,Judaism,0.0
2020,Oman,Christianity,6.55
2020,Oman,Islam,86.01
2020,Oman,Unaffiliated Religions,0.3
2020,Oman,Hinduism,5.65
2020,Oman,Buddhism,0.6
2020,Oman,Folk Religions,0.0
2020,Oman,Other Religions,0.89
2020,Oman,Judaism,0.0
2020,Pakistan,Christianity,1.57
2020,Pakistan,Islam,96.45
2020,Pakistan,Unaffiliated Religions,0.01
2020,Pakistan,Hinduism,1.92
2020,Pakistan,Buddhism,0.01
2020,Pakistan,Folk Religions,0.02
2020,Pakistan,Other Religions,0.01
2020,Pakistan,Judaism,0.0
2020,Palau,Christianity,100.0
2020,Palau,Islam,0.0
2020,Palau,Unaffiliated Religions,0.0
2020,Palau,Hinduism,0.0
2020,Palau,Buddhism,0.0
2020,Palau,Folk Religions,0.0
2020,Palau,Other Religions,0.0
2020,Palau,Judaism,0.0
2020,Palestine,Christianity,2.05
2020,Palestine,Islam,97.95
2020,Palestine,Unaffiliated Religions,0.0
2020,Palestine,Hinduism,0.0
2020,Palestine,Buddhism,0.0
2020,Palestine,Folk Religions,0.0
2020,Palestine,Other Religions,0.0
2020,Palestine,Judaism,0.0
2020,Panama,Christianity,92.77
2020,Panama,Islam,0.75
2020,Panama,Unaffiliated Religions,4.99
2020,Panama,Hinduism,0.0
2020,Panama,Buddhism,0.0
2020,Panama,Folk Religions,0.5
2020,Panama,Other Religions,0.5
2020,Panama,Judaism,0.5
2020,Papua New Guinea,Christianity,99.29
2020,Papua New Guinea,Islam,0.0
2020,Papua New Guinea,Unaffiliated Religions,0.0
2020,Papua New Guinea,Hinduism,0.0
2020,Papua New Guinea,Buddhism,0.0
2020,Papua New Guinea,Folk Religions,0.47
2020,Papua New Guinea,Other Religions,0.24
2020,Papua New Guinea,Judaism,0.0
2020,Paraguay,Christianity,96.98
2020,Paraguay,Islam,0.0
2020,Paraguay,Unaffiliated Religions,1.18
2020,Paraguay,Hinduism,0.0
2020,Paraguay,Buddhism,0.0
2020,Paraguay,Folk Religions,1.71
2020,Paraguay,Other Religions,0.13
2020,Paraguay,Judaism,0.0
2020,Peru,Christianity,95.44
2020,Peru,Islam,0.0
2020,Peru,Unaffiliated Religions,3.07
2020,Peru,Hinduism,0.0
2020,Peru,Buddhism,0.15
2020,Peru,Folk Religions,1.0
2020,Peru,Other Religions,0.33
2020,Peru,Judaism,0.0
2020,Philippines,Christianity,92.37
2020,Philippines,Islam,5.71
2020,Philippines,Unaffiliated Religions,0.1
2020,Philippines,Hinduism,0.0
2020,Philippines,Buddhism,0.09
2020,Philippines,Folk Religions,1.58
2020,Philippines,Other Religions,0.14
2020,Philippines,Judaism,0.0
2020,Poland,Christianity,92.59
2020,Poland,Islam,0.05
2020,Poland,Unaffiliated Religions,7.33
2020,Poland,Hinduism,0.0
2020,Poland,Buddhism,0.0
2020,Poland,Folk Religions,0.0
2020,Poland,Other Religions,0.0
2020,Poland,Judaism,0.03
2020,Portugal,Christianity,90.62
2020,Portugal,Islam,0.39
2020,Portugal,Unaffiliated Religions,8.61
2020,Portugal,Hinduism,0.0
2020,Portugal,Buddhism,0.19
2020,Portugal,Folk Religions,0.19
2020,Portugal,Other Religions,0.0
2020,Portugal,Judaism,0.0
2020,Puerto Rico,Christianity,96.83
2020,Puerto Rico,Islam,0.0
2020,Puerto Rico,Unaffiliated Religions,2.12
2020,Puerto Rico,Hinduism,0.0
2020,Puerto Rico,Buddhism,0.26
2020,Puerto Rico,Folk Religions,0.79
2020,Puerto Rico,Other Religions,0.0
2020,Puerto Rico,Judaism,0.0
2020,Qatar,Christianity,13.6
2020,Qatar,Islam,65.35
2020,Qatar,Unaffiliated Religions,0.88
2020,Qatar,Hinduism,15.79
2020,Qatar,Buddhism,3.95
2020,Qatar,Folk Religions,0.0
2020,Qatar,Other Religions,0.44
2020,Qatar,Judaism,0.0
2020,Reunion,Christianity,88.17
2020,Reunion,Islam,4.3
2020,Reunion,Unaffiliated Religions,2.15
2020,Reunion,Hinduism,4.3
2020,Reunion,Buddhism,0.0
2020,Reunion,Folk Religions,0.0
2020,Reunion,Other Religions,1.08
2020,Reunion,Judaism,0.0
2020,Romania,Christianity,99.51
2020,Romania,Islam,0.39
2020,Romania,Unaffiliated Religions,0.1
2020,Romania,Hinduism,0.0
2020,Romania,Buddhism,0.0
2020,Romania,Folk Religions,0.0
2020,Romania,Other Religions,0.0
2020,Romania,Judaism,0.0
2020,Russian Federation,Christianity,72.91
2020,Russian Federation,Islam,11.4
2020,Russian Federation,Unaffiliated Religions,15.16
2020,Russian Federation,Hinduism,0.04
2020,Russian Federation,Buddhism,0.12
2020,Russian Federation,Folk Religions,0.21
2020,Russian Federation,Other Religions,0.01
2020,Russian Federation,Judaism,0.14
2020,Rwanda,Christianity,93.83
2020,Rwanda,Islam,2.2
2020,Rwanda,Unaffiliated Religions,3.05
2020,Rwanda,Hinduism,0.0
2020,Rwanda,Buddhism,0.0
2020,Rwanda,Folk Religions,0.71
2020,Rwanda,Other Religions,0.21
2020,Rwanda,Judaism,0.0
2020,Samoa,Christianity,100.0
2020,Samoa,Islam,0.0
2020,Samoa,Unaffiliated Religions,0.0
2020,Samoa,Hinduism,0.0
2020,Samoa,Buddhism,0.0
2020,Samoa,Folk Religions,0.0
2020,Samoa,Other Religions,0.0
2020,Samoa,Judaism,0.0
2020,San Marino,Christianity,100.0
2020,San Marino,Islam,0.0
2020,San Marino,Unaffiliated Religions,0.0
2020,San Marino,Hinduism,0.0
2020,San Marino,Buddhism,0.0
2020,San Marino,Folk Religions,0.0
2020,San Marino,Other Religions,0.0
2020,San Marino,Judaism,0.0
2020,Sao Tome and Principe,Christianity,85.0
2020,Sao Tome and Principe,Islam,0.0
2020,Sao Tome and Principe,Unaffiliated Religions,15.0
2020,Sao Tome and Principe,Hinduism,0.0
2020,Sao Tome and Principe,Buddhism,0.0
2020,Sao Tome and Principe,Folk Religions,0.0
2020,Sao Tome and Principe,Other Religions,0.0
2020,Sao Tome and Principe,Judaism,0.0
2020,Saudi Arabia,Christianity,4.38
2020,Saudi Arabia,Islam,92.75
2020,Saudi Arabia,Unaffiliated Religions,0.63
2020,Saudi Arabia,Hinduism,1.33
2020,Saudi Arabia,Buddhism,0.39
2020,Saudi Arabia,Folk Religions,0.27
2020,Saudi Arabia,Other Religions,0.24
2020,Saudi Arabia,Judaism,0.0
2020,Senegal,Christianity,3.31
2020,Senegal,Islam,96.69
2020,Senegal,Unaffiliated Religions,0.0
2020,Senegal,Hinduism,0.0
2020,Senegal,Buddhism,0.0
2020,Senegal,Folk Religions,0.0
2020,Senegal,Other Religions,0.0
2020,Senegal,Judaism,0.0
2020,Serbia,Christianity,91.55
2020,Serbia,Islam,5.07
2020,Serbia,Unaffiliated Religions,3.38
2020,Serbia,Hinduism,0.0
2020,Serbia,Buddhism,0.0
2020,Serbia,Folk Religions,0.0
2020,Serbia,Other Religions,0.0
2020,Serbia,Judaism,0.0
2020,Seychelles,Christianity,100.0
2020,Seychelles,Islam,0.0
2020,Seychelles,Unaffiliated Religions,0.0
2020,Seychelles,Hinduism,0.0
2020,Seychelles,Buddhism,0.0
2020,Seychelles,Folk Religions,0.0
2020,Seychelles,Other Religions,0.0
2020,Seychelles,Judaism,0.0
2020,Sierra Leone,Christianity,20.45
2020,Sierra Leone,Islam,78.71
2020,Sierra Leone,Unaffiliated Religions,0.0
2020,Sierra Leone,Hinduism,0.0
2020,Sierra Leone,Buddhism,0.0
2020,Sierra Leone,Folk Religions,0.84
2020,Sierra Leone,Other Religions,0.0
2020,Sierra Leone,Judaism,0.0
2020,Singapore,Christianity,17.72
2020,Singapore,Islam,16.18
2020,Singapore,Unaffiliated Religions,16.52
2020,Singapore,Hinduism,6.47
2020,Singapore,Buddhism,32.2
2020,Singapore,Folk Religions,2.39
2020,Singapore,Other Religions,8.52
2020,Singapore,Judaism,0.0
2020,Sint Maarten,Christianity,100.0
2020,Sint Maarten,Islam,0.0
2020,Sint Maarten,Unaffiliated Religions,0.0
2020,Sint Maarten,Hinduism,0.0
2020,Sint Maarten,Buddhism,0.0
2020,Sint Maarten,Folk Religions,0.0
2020,Sint Maarten,Other Religions,0.0
2020,Sint Maarten,Judaism,0.0
2020,Slovakia,Christianity,83.75
2020,Slovakia,Islam,0.36
2020,Slovakia,Unaffiliated Religions,15.88
2020,Slovakia,Hinduism,0.0
2020,Slovakia,Buddhism,0.0
2020,Slovakia,Folk Religions,0.0
2020,Slovakia,Other Religions,0.0
2020,Slovakia,Judaism,0.0
2020,Slovenia,Christianity,77.11
2020,Slovenia,Islam,3.98
2020,Slovenia,Unaffiliated Religions,18.91
2020,Slovenia,Hinduism,0.0
2020,Slovenia,Buddhism,0.0
2020,Slovenia,Folk Religions,0.0
2020,Slovenia,Other Religions,0.0
2020,Slovenia,Judaism,0.0
2020,Solomon Islands,Christianity,100.0
2020,Solomon Islands,Islam,0.0
2020,Solomon Islands,Unaffiliated Religions,0.0
2020,Solomon Islands,Hinduism,0.0
2020,Solomon Islands,Buddhism,0.0
2020,Solomon Islands,Folk Religions,0.0
2020,Solomon Islands,Other Religions,0.0
2020,Solomon Islands,Judaism,0.0
2020,Somalia,Christianity,0.0
2020,Somalia,Islam,100.0
2020,Somalia,Unaffiliated Religions,0.0
2020,Somalia,Hinduism,0.0
2020,Somalia,Buddhism,0.0
2020,Somalia,Folk Religions,0.0
2020,Somalia,Other Religions,0.0
2020,Somalia,Judaism,0.0
2020,South Africa,Christianity,80.78
2020,South Africa,Islam,1.87
2020,South Africa,Unaffiliated Religions,15.25
2020,South Africa,Hinduism,1.0
2020,South Africa,Buddhism,0.17
2020,South Africa,Folk Religions,0.48
2020,South Africa,Other Religions,0.33
2020,South Africa,Judaism,0.11
2020,South Korea,Christianity,30.07
2020,South Korea,Islam,0.3
2020,South Korea,Unaffiliated Religions,46.6
2020,South Korea,Hinduism,0.04
2020,South Korea,Buddhism,21.95
2020,South Korea,Folk Religions,0.82
2020,South Korea,Other Religions,0.22
2020,South Korea,Judaism,0.0
2020,South Sudan,Christianity,60.48
2020,South Sudan,Islam,6.18
2020,South Sudan,Unaffiliated Religions,0.48
2020,South Sudan,Hinduism,0.0
2020,South Sudan,Buddhism,0.0
2020,South Sudan,Folk Religions,32.85
2020,South Sudan,Other Religions,0.0
2020,South Sudan,Judaism,0.0
2020,Spain,Christianity,75.23
2020,Spain,Islam,3.33
2020,Spain,Unaffiliated Religions,21.05
2020,Spain,Hinduism,0.08
2020,Spain,Buddhism,0.04
2020,Spain,Folk Religions,0.1
2020,Spain,Other Religions,0.04
2020,Spain,Judaism,0.12
2020,Sri Lanka,Christianity,7.2
2020,Sri Lanka,Islam,10.4
2020,Sri Lanka,Unaffiliated Religions,0.0
2020,Sri Lanka,Hinduism,13.74
2020,Sri Lanka,Buddhism,68.65
2020,Sri Lanka,Folk Religions,0.0
2020,Sri Lanka,Other Religions,0.0
2020,Sri Lanka,Judaism,0.0
2020,St. Kitts and Nevis,Christianity,100.0
2020,St. Kitts and Nevis,Islam,0.0
2020,St. Kitts and Nevis,Unaffiliated Religions,0.0
2020,St. Kitts and Nevis,Hinduism,0.0
2020,St. Kitts and Nevis,Buddhism,0.0
2020,St. Kitts and Nevis,Folk Religions,0.0
2020,St. Kitts and Nevis,Other Religions,0.0
2020,St. Kitts and Nevis,Judaism,0.0
2020,St. Lucia,Christianity,94.74
2020,St. Lucia,Islam,0.0
2020,St. Lucia,Unaffiliated Religions,5.26
2020,St. Lucia,Hinduism,0.0
2020,St. Lucia,Buddhism,0.0
2020,St. Lucia,Folk Religions,0.0
2020,St. Lucia,Other Religions,0.0
2020,St. Lucia,Judaism,0.0
2020,St. Vincent and the Grenadines,Christianity,100.0
2020,St. Vincent and the Grenadines,Islam,0.0
2020,St. Vincent and the Grenadines,Unaffiliated Religions,0.0
2020,St. Vincent and the Grenadines,Hinduism,0.0
2020,St. Vincent and the Grenadines,Buddhism,0.0
2020,St. Vincent and the Grenadines,Folk Religions,0.0
2020,St. Vincent and the Grenadines,Other Religions,0.0
2020,St. Vincent and the Grenadines,Judaism,0.0
2020,Sudan,Christianity,5.38
2020,Sudan,Islam,90.74
2020,Sudan,Unaffiliated Religions,1.04
2020,Sudan,Hinduism,0.0
2020,Sudan,Buddhism,0.0
2020,Sudan,Folk Religions,2.83
2020,Sudan,Other Religions,0.0
2020,Sudan,Judaism,0.0
2020,Suriname,Christianity,52.63
2020,Suriname,Islam,14.04
2020,Suriname,Unaffiliated Religions,7.02
2020,Suriname,Hinduism,19.3
2020,Suriname,Buddhism,0.0
2020,Suriname,Folk Religions,5.26
2020,Suriname,Other Religions,1.75
2020,Suriname,Judaism,0.0
2020,Swaziland,Christianity,89.39
2020,Swaziland,Islam,0.0
2020,Swaziland,Unaffiliated Religions,9.85
2020,Swaziland,Hinduism,0.0
2020,Swaziland,Buddhism,0.0
2020,Swaziland,Folk Religions,0.76
2020,Swaziland,Other Religions,0.0
2020,Swaziland,Judaism,0.0
2020,Sweden,Christianity,63.05
2020,Sweden,Islam,6.5
2020,Sweden,Unaffiliated Religions,29.04
2020,Sweden,Hinduism,0.3
2020,Sweden,Buddhism,0.61
2020,Sweden,Folk Religions,0.2
2020,Sweden,Other Religions,0.2
2020,Sweden,Judaism,0.1
2020,Switzerland,Christianity,70.09
2020,Switzerland,Islam,5.58
2020,Switzerland,Unaffiliated Religions,22.81
2020,Switzerland,Hinduism,0.51
2020,Switzerland,Buddhism,0.63
2020,Switzerland,Folk Religions,0.0
2020,Switzerland,Other Religions,0.13
2020,Switzerland,Judaism,0.25
2020,Syria,Christianity,5.17
2020,Syria,Islam,92.77
2020,Syria,Unaffiliated Religions,2.05
2020,Syria,Hinduism,0.0
2020,Syria,Buddhism,0.0
2020,Syria,Folk Religions,0.0
2020,Syria,Other Religions,0.0
2020,Syria,Judaism,0.0
2020,Taiwan,Christianity,5.8
2020,Taiwan,Islam,0.04
2020,Taiwan,Unaffiliated Religions,13.7
2020,Taiwan,Hinduism,0.0
2020,Taiwan,Buddhism,21.18
2020,Taiwan,Folk Religions,43.77
2020,Taiwan,Other Religions,15.51
2020,Taiwan,Judaism,0.0
2020,Tajikistan,Christianity,1.78
2020,Tajikistan,Islam,96.67
2020,Tajikistan,Unaffiliated Religions,1.55
2020,Tajikistan,Hinduism,0.0
2020,Tajikistan,Buddhism,0.0
2020,Tajikistan,Folk Religions,0.0
2020,Tajikistan,Other Religions,0.0
2020,Tajikistan,Judaism,0.0
2020,Tanzania,Christianity,63.06
2020,Tanzania,Islam,34.1
2020,Tanzania,Unaffiliated Religions,1.63
2020,Tanzania,Hinduism,0.08
2020,Tanzania,Buddhism,0.0
2020,Tanzania,Folk Religions,1.09
2020,Tanzania,Other Religions,0.03
2020,Tanzania,Judaism,0.0
2020,Thailand,Christianity,0.91
2020,Thailand,Islam,6.01
2020,Thailand,Unaffiliated Religions,0.28
2020,Thailand,Hinduism,0.11
2020,Thailand,Buddhism,92.61
2020,Thailand,Folk Religions,0.08
2020,Thailand,Other Religions,0.0
2020,Thailand,Judaism,0.0
2020,The Democratic Republic of Congo,Christianity,95.85
2020,The Democratic Republic of Congo,Islam,1.54
2020,The Democratic Republic of Congo,Unaffiliated Religions,1.7
2020,The Democratic Republic of Congo,Hinduism,0.05
2020,The Democratic Republic of Congo,Buddhism,0.0
2020,The Democratic Republic of Congo,Folk Religions,0.73
2020,The Democratic Republic of Congo,Other Religions,0.13
2020,The Democratic Republic of Congo,Judaism,0.0
2020,Timor-Leste,Christianity,100.0
2020,Timor-Leste,Islam,0.0
2020,Timor-Leste,Unaffiliated Religions,0.0
2020,Timor-Leste,Hinduism,0.0
2020,Timor-Leste,Buddhism,0.0
2020,Timor-Leste,Folk Religions,0.0
2020,Timor-Leste,Other Religions,0.0
2020,Timor-Leste,Judaism,0.0
2020,Togo,Christianity,42.29
2020,Togo,Islam,14.05
2020,Togo,Unaffiliated Religions,6.2
2020,Togo,Hinduism,0.0
2020,Togo,Buddhism,0.0
2020,Togo,Folk Religions,36.91
2020,Togo,Other Religions,0.55
2020,Togo,Judaism,0.0
2020,Tonga,Christianity,100.0
2020,Tonga,Islam,0.0
2020,Tonga,Unaffiliated Religions,0.0
2020,Tonga,Hinduism,0.0
2020,Tonga,Buddhism,0.0
2020,Tonga,Folk Religions,0.0
2020,Tonga,Other Religions,0.0
2020,Tonga,Judaism,0.0
2020,Trinidad and Tobago,Christianity,65.94
2020,Trinidad and Tobago,Islam,5.8
2020,Trinidad and Tobago,Unaffiliated Religions,2.17
2020,Trinidad and Tobago,Hinduism,22.46
2020,Trinidad and Tobago,Buddhism,0.0
2020,Trinidad and Tobago,Folk Religions,2.17
2020,Trinidad and Tobago,Other Religions,1.45
2020,Trinidad and Tobago,Judaism,0.0
2020,Tunisia,Christianity,0.17
2020,Tunisia,Islam,99.56
2020,Tunisia,Unaffiliated Religions,0.26
2020,Tunisia,Hinduism,0.0
2020,Tunisia,Buddhism,0.0
2020,Tunisia,Folk Religions,0.0
2020,Tunisia,Other Religions,0.0
2020,Tunisia,Judaism,0.0
2020,Turkey,Christianity,0.47
2020,Turkey,Islam,98.0
2020,Turkey,Unaffiliated Religions,1.19
2020,Turkey,Hinduism,0.0
2020,Turkey,Buddhism,0.05
2020,Turkey,Folk Religions,0.04
2020,Turkey,Other Religions,0.21
2020,Turkey,Judaism,0.04
2020,Turkmenistan,Christianity,6.45
2020,Turkmenistan,Islam,93.03
2020,Turkmenistan,Unaffiliated Religions,0.52
2020,Turkmenistan,Hinduism,0.0
2020,Turkmenistan,Buddhism,0.0
2020,Turkmenistan,Folk Religions,0.0
2020,Turkmenistan,Other Religions,0.0
2020,Turkmenistan,Judaism,0.0
2020,Turks and Caicos Islands,Christianity,100.0
2020,Turks and Caicos Islands,Islam,0.0
2020,Turks and Caicos Islands,Unaffiliated Religions,0.0
2020,Turks and Caicos Islands,Hinduism,0.0
2020,Turks and Caicos Islands,Buddhism,0.0
2020,Turks and Caicos Islands,Folk Religions,0.0
2020,Turks and Caicos Islands,Other Religions,0.0
2020,Turks and Caicos Islands,Judaism,0.0
2020,U.S. Virgin Islands,Christianity,100.0
2020,U.S. Virgin Islands,Islam,0.0
2020,U.S. Virgin Islands,Unaffiliated Religions,0.0
2020,U.S. Virgin Islands,Hinduism,0.0
2020,U.S. Virgin Islands,Buddhism,0.0
2020,U.S. Virgin Islands,Folk Religions,0.0
2020,U.S. Virgin Islands,Other Religions,0.0
2020,U.S. Virgin Islands,Judaism,0.0
2020,Uganda,Christianity,86.1
2020,Uganda,Islam,12.13
2020,Uganda,Unaffiliated Religions,0.5
2020,Uganda,Hinduism,0.31
2020,Uganda,Buddhism,0.0
2020,Uganda,Folk Religions,0.85
2020,Uganda,Other Religions,0.11
2020,Uganda,Judaism,0.0
2020,Ukraine,Christianity,85.58
2020,Ukraine,Islam,1.69
2020,Ukraine,Unaffiliated Religions,12.47
2020,Ukraine,Hinduism,0.07
2020,Ukraine,Buddhism,0.05
2020,Ukraine,Folk Religions,0.05
2020,Ukraine,Other Religions,0.0
2020,Ukraine,Judaism,0.09
2020,United Arab Emirates,Christianity,12.97
2020,United Arab Emirates,Islam,75.0
2020,United Arab Emirates,Unaffiliated Religions,1.17
2020,United Arab Emirates,Hinduism,7.71
2020,United Arab Emirates,Buddhism,2.45
2020,United Arab Emirates,Folk Religions,0.0
2020,United Arab Emirates,Other Religions,0.7
2020,United Arab Emirates,Judaism,0.0
2020,United Kingdom,Christianity,59.12
2020,United Kingdom,Islam,6.14
2020,United Kingdom,Unaffiliated Religions,31.21
2020,United Kingdom,Hinduism,1.6
2020,United Kingdom,Buddhism,0.59
2020,United Kingdom,Folk Religions,0.14
2020,United Kingdom,Other Religions,0.78
2020,United Kingdom,Judaism,0.42
2020,United States,Christianity,75.48
2020,United States,Islam,1.15
2020,United States,Unaffiliated Religions,18.6
2020,United States,Hinduism,0.75
2020,United States,Buddhism,1.24
2020,United States,Folk Religions,0.25
2020,United States,Other Religions,0.83
2020,United States,Judaism,1.7
2020,Uruguay,Christianity,57.18
2020,Uruguay,Islam,0.0
2020,Uruguay,Unaffiliated Religions,41.67
2020,Uruguay,Hinduism,0.0
2020,Uruguay,Buddhism,0.0
2020,Uruguay,Folk Religions,0.86
2020,Uruguay,Other Religions,0.29
2020,Uruguay,Judaism,0.0
2020,Uzbekistan,Christianity,1.99
2020,Uzbekistan,Islam,97.1
2020,Uzbekistan,Unaffiliated Religions,0.77
2020,Uzbekistan,Hinduism,0.0
2020,Uzbekistan,Buddhism,0.03
2020,Uzbekistan,Folk Religions,0.06
2020,Uzbekistan,Other Religions,0.0
2020,Uzbekistan,Judaism,0.03
2020,Vanuatu,Christianity,96.55
2020,Vanuatu,Islam,0.0
2020,Vanuatu,Unaffiliated Religions,0.0
2020,Vanuatu,Hinduism,0.0
2020,Vanuatu,Buddhism,0.0
2020,Vanuatu,Folk Religions,3.45
2020,Vanuatu,Other Religions,0.0
2020,Vanuatu,Judaism,0.0
2020,Venezuela,Christianity,89.49
2020,Venezuela,Islam,0.3
2020,Venezuela,Unaffiliated Religions,9.75
2020,Venezuela,Hinduism,0.0
2020,Venezuela,Buddhism,0.0
2020,Venezuela,Folk Religions,0.36
2020,Venezuela,Other Religions,0.09
2020,Venezuela,Judaism,0.0
2020,Vietnam,Christianity,8.38
2020,Vietnam,Islam,0.19
2020,Vietnam,Unaffiliated Religions,29.86
2020,Vietnam,Hinduism,0.0
2020,Vietnam,Buddhism,16.15
2020,Vietnam,Folk Religions,45.02
2020,Vietnam,Other Religions,0.4
2020,Vietnam,Judaism,0.0
2020,Wallis and Futuna,Christianity,100.0
2020,Wallis and Futuna,Islam,0.0
2020,Wallis and Futuna,Unaffiliated Religions,0.0
2020,Wallis and Futuna,Hinduism,0.0
2020,Wallis and Futuna,Buddhism,0.0
2020,Wallis and Futuna,Folk Religions,0.0
2020,Wallis and Futuna,Other Religions,0.0
2020,Wallis and Futuna,Judaism,0.0
2020,Western Sahara,Christianity,0.0
2020,Western Sahara,Islam,100.0
2020,Western Sahara,Unaffiliated Religions,0.0
2020,Western Sahara,Hinduism,0.0
2020,Western Sahara,Buddhism,0.0
2020,Western Sahara,Folk Religions,0.0
2020,Western Sahara,Other Religions,0.0
2020,Western Sahara,Judaism,0.0
2020,Yemen,Christianity,0.15
2020,Yemen,Islam,99.13
2020,Yemen,Unaffiliated Religions,0.09
2020,Yemen,Hinduism,0.62
2020,Yemen,Buddhism,0.0
2020,Yemen,Folk Religions,0.0
2020,Yemen,Other Religions,0.0
2020,Yemen,Judaism,0.0
2020,Zambia,Christianity,97.44
2020,Zambia,Islam,0.61
2020,Zambia,Unaffiliated Religions,0.56
2020,Zambia,Hinduism,0.11
2020,Zambia,Buddhism,0.0
2020,Zambia,Folk Religions,0.33
2020,Zambia,Other Religions,0.95
2020,Zambia,Judaism,0.0
2020,Zimbabwe,Christianity,87.12
2020,Zimbabwe,Islam,0.96
2020,Zimbabwe,Unaffiliated Religions,7.6
2020,Zimbabwe,Hinduism,0.0
2020,Zimbabwe,Buddhism,0.0
2020,Zimbabwe,Folk Religions,3.97
2020,Zimbabwe,Other Religions,0.27
2020,Zimbabwe,Judaism,0.07
